Date,AAPL,GOOG,MSFT,NBCC.NS,TATAMOTORS.NS,TCS.NS
2023-01-02,,,,26.858646392822266,392.3625183105469,3104.45849609375
2023-01-03,123.63253021240234,89.27713775634766,235.24005126953125,27.222944259643555,391.4681091308594,3151.957275390625
2023-01-04,124.90769958496094,88.29180908203125,224.94989013671875,26.49435043334961,383.2193603515625,3155.097900390625
2023-01-05,123.5831069946289,86.36095428466797,218.28286743164062,26.36187744140625,384.5113220214844,3151.718994140625
2023-01-06,128.13023376464844,87.7444076538086,220.85540771484375,25.567049026489258,379.6415710449219,3056.96044921875
2023-01-09,128.65415954589844,88.38139343261719,223.0057373046875,25.898225784301758,387.04559326171875,3160.14306640625
2023-01-10,129.2274627685547,88.81930541992188,224.7044219970703,25.633283615112305,410.35076904296875,3128.208251953125
2023-01-11,131.9557342529297,91.82508087158203,231.4990234375,25.898225784301758,415.61810302734375,3168.4716796875
2023-01-12,131.87667846679688,91.47673034667969,234.18939208984375,25.633283615112305,409.704833984375,3173.849609375
2023-01-13,133.2111358642578,92.36253356933594,234.89634704589844,26.13005256652832,408.9594421386719,3212.114990234375
2023-01-16,,,,26.163169860839844,410.4501647949219,3237.85009765625
2023-01-17,134.37759399414062,91.72555541992188,235.99607849121094,25.666400909423828,412.7359619140625,3280.920654296875
2023-01-18,133.65597534179688,91.34732818603516,231.53831481933594,25.633283615112305,405.87860107421875,3292.18603515625
2023-01-19,133.71531677246094,93.4673080444336,227.72862243652344,25.401456832885742,398.2757873535156,3275.7734375
2023-01-20,136.28541564941406,98.81198120117188,235.86842346191406,25.169631958007812,400.6609802246094,3266.062255859375
2023-01-23,139.48817443847656,100.73287963867188,238.18568420410156,24.805334091186523,405.87860107421875,3316.367431640625
2023-01-24,140.891845703125,98.74230194091797,237.65545654296875,25.20275115966797,419.543701171875,3337.149658203125
2023-01-25,140.2295684814453,96.27400207519531,236.2513885498047,24.573511123657227,416.4627990722656,3330.788330078125
2023-01-26,142.30543518066406,98.69255828857422,243.50750732421875,,,
2023-01-27,144.25279235839844,100.23523712158203,243.66461181640625,23.646207809448242,442.8489074707031,3312.628662109375
2023-01-30,141.35646057128906,97.48824310302734,238.31332397460938,23.745561599731445,440.91094970703125,3334.576171875
2023-01-31,142.63162231445312,99.39920806884766,243.32095336914062,24.24233055114746,449.30877685546875,3261.788818359375
2023-02-01,143.75852966308594,100.95184326171875,248.1714324951172,23.745561599731445,443.8924255371094,3310.00634765625
2023-02-02,149.08657836914062,108.287109375,259.80682373046875,22.851377487182617,442.0538635253906,3360.5546875
2023-02-03,152.72430419921875,104.72398376464844,253.6700439453125,23.11631965637207,442.6998291015625,3381.822265625
2023-02-06,149.98611450195312,102.98223114013672,252.11862182617188,23.11631965637207,439.2711486816406,3360.116943359375
2023-02-07,152.87255859375,107.53068542480469,262.71319580078125,22.785140991210938,432.7615966796875,3372.35400390625
2023-02-08,150.17391967773438,99.52857971191406,261.8982238769531,23.24879264831543,437.38287353515625,3418.531982421875
2023-02-09,149.13600158691406,95.00999450683594,258.84454345703125,23.11631965637207,434.0535583496094,3438.68310546875
2023-02-10,149.5023193359375,94.4128189086914,258.3339538574219,23.11631965637207,443.0973815917969,3435.478271484375
2023-02-13,152.31394958496094,94.55215454101562,266.40509033203125,23.050085067749023,438.3269958496094,3381.919189453125
2023-02-14,151.6704559326172,94.50240325927734,267.2396240234375,22.983848571777344,437.830078125,3399.108642578125
2023-02-15,153.7791748046875,96.64225006103516,265.1036682128906,22.81825828552246,441.4078674316406,3419.066162109375
2023-02-16,152.1753387451172,95.32848358154297,258.0458679199219,22.851377487182617,438.87359619140625,3455.38671875
2023-02-17,151.02694702148438,94.14408874511719,254.01991271972656,22.52019691467285,437.1841125488281,3400.128662109375
2023-02-20,,,,22.12278175354004,440.2649841308594,3386.6787109375
2023-02-21,146.99755859375,91.6160659790039,248.71429443359375,22.056547164916992,433.80511474609375,3351.425537109375
2023-02-22,147.4232635498047,91.36724090576172,247.5724639892578,21.5928955078125,426.7986145019531,3303.40283203125
2023-02-23,147.9083709716797,90.64067840576172,250.78143310546875,22.056547164916992,430.5254821777344,3315.299072265625
2023-02-24,145.24525451660156,88.92878723144531,245.3183135986328,21.857839584350586,425.109130859375,3302.334228515625
2023-02-27,146.44314575195312,89.67525482177734,246.2436065673828,22.023427963256836,415.36962890625,3235.713623046875
2023-02-28,145.93824768066406,89.87432098388672,245.5151824951172,22.056547164916992,418.1026611328125,3217.261962890625
2023-03-01,143.8592071533203,90.08332824707031,242.41448974609375,22.42084312438965,423.36993408203125,3288.009765625
2023-03-02,144.4532470703125,91.87483978271484,247.17874145507812,23.977386474609375,417.8542175292969,3225.61376953125
2023-03-03,149.52210998535156,93.57677459716797,251.2932586669922,23.579971313476562,425.3575744628906,3245.716796875
2023-03-06,152.294189453125,95.12942504882812,252.8485565185547,23.712444305419922,437.38287353515625,3274.5595703125
2023-03-07,150.08641052246094,93.72606658935547,250.17112731933594,,,
2023-03-08,151.34373474121094,94.20380401611328,249.72817993164062,24.0105037689209,436.5877990722656,3292.573974609375
2023-03-09,149.08651733398438,92.22319793701172,248.36978149414062,24.54039192199707,429.5316467285156,3240.569580078125
2023-03-10,147.0173797607422,90.58096313476562,244.6981658935547,24.937807083129883,433.15911865234375,3234.88818359375
2023-03-13,148.96768188476562,91.2279052734375,249.9447021484375,24.142976760864258,419.7921447753906,3187.253173828125
2023-03-14,151.06654357910156,93.80569458007812,256.7071838378906,23.54685401916504,414.0776672363281,3122.186767578125
2023-03-15,151.4625244140625,96.0948486328125,261.28436279296875,23.745561599731445,408.81036376953125,3106.599609375
2023-03-16,154.29397583007812,100.59354400634766,271.87591552734375,23.215675354003906,413.1335144042969,3093.10107421875
2023-03-17,153.45249938964844,101.97698974609375,275.0553283691406,23.315027236938477,416.4131164550781,3087.5654296875
2023-03-20,155.8284912109375,101.4494857788086,267.9680480957031,22.652667999267578,408.2140808105469,3052.603759765625
2023-03-21,157.6897430419922,105.34104919433594,269.49383544921875,22.453962326049805,410.0029602050781,3016.477294921875
2023-03-22,156.25424194335938,103.72869110107422,268.0271911621094,22.553316116333008,413.53106689453125,3040.46484375
2023-03-23,157.3432159423828,105.75908660888672,273.3131103515625,22.42084312438965,416.56219482421875,3034.491943359375
2023-03-24,158.6500701904297,105.56000518798828,276.177490234375,21.725366592407227,413.9285888671875,3030.461669921875
2023-03-27,156.69973754882812,102.57416534423828,272.0531005859375,21.195478439331055,409.50604248046875,3032.209716796875
2023-03-28,156.0760040283203,100.8821792602539,270.9211120605469,20.59935760498047,399.1205749511719,3025.99462890625
2023-03-29,159.1648712158203,101.41963195800781,276.1184387207031,23.348146438598633,406.67364501953125,3048.330810546875
2023-03-30,160.73898315429688,100.84236145019531,279.6029968261719,,,
2023-03-31,163.25360107421875,103.50973510742188,283.78643798828125,23.48061752319336,418.2020263671875,3113.397216796875
2023-04-03,164.5109405517578,104.41544342041016,282.7332458496094,23.61309051513672,421.6307373046875,3107.668212890625
2023-04-04,163.9763641357422,104.62445831298828,282.68402099609375,,,
2023-04-05,162.125,104.45524597167969,279.888427734375,24.47415542602539,423.9165344238281,3146.31982421875
2023-04-06,163.01600646972656,108.38664245605469,287.03485107421875,24.970924377441406,434.947998046875,3127.770751953125
2023-04-10,160.4122772216797,106.4458236694336,284.8594970703125,24.705982208251953,458.45196533203125,3169.238525390625
2023-04-11,159.19456481933594,105.61973571777344,278.402099609375,25.13651466369629,455.8680725097656,3121.06982421875
2023-04-12,158.50155639648438,104.72398376464844,279.0517578125,25.169631958007812,462.62603759765625,3148.1162109375
2023-04-13,163.9070281982422,107.67998504638672,285.3023986816406,25.268985748291016,466.6013488769531,3096.83984375
2023-04-14,163.56053161621094,108.9439926147461,281.6603088378906,,,
2023-04-17,163.58033752441406,105.91831970214844,284.2786560058594,25.666400909423828,469.2349853515625,3048.91357421875
2023-04-18,164.8079833984375,104.62445831298828,283.8553771972656,25.335222244262695,470.07977294921875,3040.416015625
2023-04-19,165.95639038085938,104.52491760253906,283.9341735839844,25.235868453979492,466.501953125,3000.453857421875
2023-04-20,164.9861602783203,105.40077209472656,281.63079833984375,25.83199119567871,473.8562927246094,3015.215087890625
2023-04-21,163.37245178222656,105.41073608398438,281.2862243652344,25.235868453979492,468.2908935546875,3069.647705078125
2023-04-24,163.67933654785156,106.27661895751953,277.3586730957031,25.169631958007812,472.2662048339844,3083.1953125
2023-04-25,162.13490295410156,104.11685943603516,271.1081237792969,25.666400909423828,470.6263427734375,3084.360595703125
2023-04-26,162.125,103.95760345458984,290.7458190917969,25.732637405395508,475.2476501464844,3105.871337890625
2023-04-27,166.72857666015625,107.859130859375,300.05767822265625,25.666400909423828,478.62664794921875,3095.965576171875
2023-04-28,167.98590087890625,107.7098388671875,302.4496765136719,26.03070068359375,481.95599365234375,3126.3623046875
2023-05-01,167.8968048095703,107.20223236083984,300.7762756347656,,,
2023-05-02,166.85728454589844,105.48039245605469,300.628662109375,26.527469635009766,477.28497314453125,3126.50830078125
2023-05-03,165.77816772460938,105.61973571777344,299.6344299316406,26.858646392822266,480.71368408203125,3088.14794921875
2023-05-04,164.1347198486328,104.71401977539062,300.628662109375,27.454771041870117,477.8315734863281,3127.770751953125
2023-05-05,171.8370819091797,105.71427917480469,305.7865905761719,27.057355880737305,474.1544494628906,3137.482177734375
2023-05-08,171.76776123046875,107.729736328125,303.8179016113281,27.587242126464844,497.40997314453125,3156.807861328125
2023-05-09,170.0550537109375,107.43115997314453,302.1937255859375,26.759292602539062,500.54052734375,3188.515869140625
2023-05-10,171.8271942138672,111.75070190429688,307.4206237792969,27.090473175048828,506.35443115234375,3191.96337890625
2023-05-11,172.01527404785156,116.34892272949219,305.2550354003906,27.454771041870117,508.44146728515625,3187.447265625
2023-05-12,171.0833740234375,117.36410522460938,304.1329040527344,27.355417251586914,512.7645874023438,3179.824462890625
2023-05-15,170.58767700195312,116.40863037109375,304.6152038574219,27.222944259643555,527.5725708007812,3161.1298828125
2023-05-16,170.58767700195312,119.52388763427734,306.8594970703125,27.620359420776367,517.9324951171875,3164.14013671875
2023-05-17,171.2023162841797,120.9073257446289,309.7597961425781,27.421653747558594,512.3173217773438,3116.116943359375
2023-05-18,173.54202270507812,122.93769836425781,314.21875,27.12359046936035,505.3108825683594,3107.52197265625
2023-05-19,173.65106201171875,122.66897583007812,314.0412292480469,26.891765594482422,521.708984375,3129.858642578125
2023-05-22,172.69931030273438,125.2766342163086,316.8428649902344,26.626821517944336,519.274169921875,3203.52001953125
2023-05-23,170.08206176757812,122.70880126953125,311.0027770996094,26.65993881225586,525.2371215820312,3201.91796875
2023-05-24,170.35964965820312,121.06657409667969,309.61181640625,28.680133819580078,516.9883422851562,3208.035888671875
2023-05-25,171.49977111816406,123.76378631591797,321.5188903808594,28.282716751098633,511.67132568359375,3198.470458984375
2023-05-26,173.91871643066406,124.83869934082031,328.39471435546875,27.752830505371094,515.2491455078125,3232.8486328125
2023-05-29,,,,27.91842269897461,518.2305908203125,3224.545166015625
2023-05-30,175.77259826660156,124.05242156982422,326.7373962402344,28.216482162475586,515.5969848632812,3220.51513671875
2023-05-31,175.7230682373047,122.7884292602539,323.95550537109375,28.050893783569336,523.0507202148438,3194.58544921875
2023-06-01,178.53857421875,123.78369903564453,328.08892822265625,28.6138973236084,531.8956909179688,3228.090087890625
2023-06-02,179.3911590576172,124.63965606689453,330.870849609375,28.978195190429688,532.5914306640625,3210.220947265625
2023-06-05,178.03298950195312,126.03305053710938,331.4035339355469,28.315837860107422,542.8775024414062,3194.0029296875
2023-06-06,177.66619873046875,127.30702209472656,329.1740417480469,28.08401107788086,552.31884765625,3139.0361328125
2023-06-07,176.28814697265625,122.36044311523438,319.0131530761719,28.183364868164062,564.4435424804688,3180.40673828125
2023-06-08,179.01446533203125,122.09171295166016,320.8677978515625,27.55412483215332,556.2444458007812,3143.066162109375
2023-06-09,179.40109252929688,122.29077911376953,322.3771057128906,27.521007537841797,558.8284301757812,3116.699951171875
2023-06-12,182.20668029785156,123.76378631591797,327.3687438964844,27.71971321105957,560.6670532226562,3153.214599609375
2023-06-13,181.73085021972656,123.84342193603516,329.77581787109375,27.686595916748047,558.7290649414062,3150.10693359375
2023-06-14,182.36532592773438,123.79365539550781,332.7846374511719,27.521007537841797,566.779052734375,3157.2451171875
2023-06-15,184.4075927734375,125.19700622558594,343.39935302734375,27.18982696533203,564.9404907226562,3146.727294921875
2023-06-16,183.32696533203125,123.47515869140625,337.7072448730469,27.2891788482666,566.2821044921875,3106.22314453125
2023-06-19,,,,27.256061553955078,562.5552368164062,3140.95458984375
2023-06-20,183.41619873046875,123.26614379882812,333.48504638671875,27.222944259643555,579.6490478515625,3157.880615234375
2023-06-21,182.375244140625,120.68836212158203,329.0556640625,27.057355880737305,577.810546875,3187.720703125
2023-06-22,185.38905334472656,123.28606414794922,335.12261962890625,26.792409896850586,565.8348388671875,3168.447509765625
2023-06-23,185.07180786132812,122.4400634765625,330.4959716796875,26.29564094543457,556.19482421875,3146.776611328125
2023-06-26,183.67396545410156,118.52859497070312,324.16265869140625,26.29564094543457,564.3441162109375,3120.65380859375
2023-06-27,186.43991088867188,118.448974609375,330.0520324707031,26.229406356811523,569.5617065429688,3128.187744140625
2023-06-28,187.6196746826172,120.50921630859375,331.3147888183594,25.467693328857422,583.028076171875,3145.895751953125
2023-06-29,187.9567413330078,119.44425201416016,330.5255432128906,,,
2023-06-30,192.29901123046875,120.39973449707031,335.9414367675781,26.229406356811523,591.8731079101562,3230.818359375
2023-07-03,190.80201721191406,119.99166870117188,333.4258728027344,26.03070068359375,587.1524658203125,3201.51611328125
2023-07-04,,,,26.626821517944336,587.7984619140625,3237.275390625
2023-07-05,189.6817626953125,122.05189514160156,333.58367919921875,26.858646392822266,584.6182250976562,3248.135498046875
2023-07-06,190.15762329101562,120.35992431640625,336.6615905761719,26.72617530822754,597.0906982421875,3251.021240234375
2023-07-07,189.037353515625,119.57363891601562,332.666259765625,26.593704223632812,614.38330078125,3257.234375
2023-07-10,186.9851837158203,116.3190689086914,327.3490295410156,27.222944259643555,614.8305053710938,3201.173583984375
2023-07-11,186.45974731445312,117.15509796142578,327.9803771972656,27.454771041870117,624.6196899414062,3201.61376953125
2023-07-12,188.13519287109375,119.05609130859375,332.6465759277344,26.9580020904541,617.61328125,3189.384521484375
2023-07-13,188.8985595703125,124.24153900146484,338.0328063964844,26.9580020904541,616.8182373046875,3268.289794921875
2023-07-14,189.0472869873047,125.10742950439453,340.57794189453125,27.256061553955078,621.0419311523438,3438.62353515625
2023-07-17,192.31883239746094,124.47045135498047,341.0613708496094,27.521007537841797,614.6814575195312,3416.169921875
2023-07-18,192.0610809326172,123.49507141113281,354.635498046875,27.587242126464844,608.3209228515625,3421.208740234375
2023-07-19,193.41929626464844,122.20120239257812,350.2850646972656,27.521007537841797,616.7684326171875,3394.98876953125
2023-07-20,191.4662628173828,118.96652221679688,342.1859436035156,27.355417251586914,617.8120727539062,3397.19580078125
2023-07-21,190.2864990234375,119.74284362792969,339.1278076171875,27.421653747558594,621.88671875,3304.009033203125
2023-07-24,191.0895233154297,121.30543518066406,340.44970703125,27.71971321105957,625.3651123046875,3329.953857421875
2023-07-25,191.95201110839844,122.2111587524414,346.240478515625,28.315837860107422,635.5021362304688,3334.27001953125
2023-07-26,192.82444763183594,129.04876708984375,333.20880126953125,28.315837860107422,637.1419067382812,3323.627197265625
2023-07-27,191.5554962158203,129.25778198242188,326.2540283203125,28.38207244873047,639.7258911132812,3332.06298828125
2023-07-28,194.14297485351562,132.38294982910156,333.80072021484375,28.647014617919922,633.3455200195312,3291.35498046875
2023-07-31,194.7576446533203,132.48251342773438,331.38385009765625,30.567855834960938,642.31787109375,3356.144287109375
2023-08-01,193.92489624023438,131.26824951171875,331.7981872558594,30.104204177856445,641.6698608398438,3386.160400390625
2023-08-02,190.92100524902344,128.0335693359375,323.0775146484375,29.309375762939453,620.7344970703125,3374.977783203125
2023-08-03,189.52313232421875,128.1629638671875,322.24884033203125,29.044431686401367,617.0458374023438,3335.054931640625
2023-08-04,180.42222595214844,127.93403625488281,323.3537292480469,31.428922653198242,613.1079711914062,3377.82275390625
2023-08-07,177.3092498779297,131.31800842285156,325.6522216796875,31.859455108642578,607.6249389648438,3417.5498046875
2023-08-08,178.25106811523438,131.21849060058594,321.6470947265625,31.95880699157715,605.431640625,3404.3564453125
2023-08-09,176.6549530029297,129.53646850585938,317.878662109375,32.3231086730957,620.634765625,3396.4111328125
2023-08-10,176.43685913085938,129.59617614746094,318.5691833496094,31.5613956451416,616.3480224609375,3376.400146484375
2023-08-11,176.4964141845703,129.55636596679688,316.6751708984375,32.28998947143555,609.9178466796875,3382.972412109375
2023-08-14,178.15428161621094,131.2085418701172,319.6642761230469,31.39580535888672,605.4815063476562,3384.00244140625
2023-08-15,176.1588897705078,129.65589904785156,317.513671875,,,
2023-08-16,175.28529357910156,128.50135803222656,316.74261474609375,32.09128189086914,616.846435546875,3392.389404296875
2023-08-17,172.73397827148438,129.8450164794922,313.2627868652344,31.528276443481445,611.86181640625,3370.171630859375
2023-08-18,173.22042846679688,127.50607299804688,312.8673400878906,31.362686157226562,613.905517578125,3302.83203125
2023-08-21,174.5605926513672,128.32220458984375,318.20574951171875,31.428922653198242,618.591064453125,3336.722412109375
2023-08-22,175.9404754638672,129.07862854003906,318.7790832519531,33.81341552734375,618.2919921875,3317.5947265625
2023-08-23,179.8021697998047,132.58201599121094,323.2672424316406,33.54846954345703,612.0114135742188,3333.38720703125
2023-08-24,175.0966796875,129.80519104003906,316.3175354003906,33.58158874511719,609.0704345703125,3323.087890625
2023-08-25,177.31045532226562,130.0738983154297,319.29315185546875,32.52181625366211,603.2384033203125,3316.760986328125
2023-08-28,178.87896728515625,131.16871643066406,320.0049133300781,33.680946350097656,600.5467529296875,3311.120361328125
2023-08-29,182.78038024902344,134.8512725830078,324.66119384765625,33.84653091430664,605.2821655273438,3311.709228515625
2023-08-30,186.28466796875,136.28448486328125,325.0368347167969,34.012123107910156,603.6870727539062,3326.2265625
2023-08-31,186.50306701660156,136.70252990722656,324.0185852050781,34.0783576965332,599.1510620117188,3292.728271484375
2023-09-01,188.08151245117188,136.1551055908203,324.90826416015625,34.939422607421875,609.3197021484375,3314.700927734375
2023-09-04,,,,37.09209060668945,607.12646484375,3353.2509765625
2023-09-05,188.3197479248047,136.06553649902344,329.74249267578125,39.509700775146484,609.2698364257812,3363.8935546875
2023-09-06,181.57916259765625,134.73182678222656,329.08013916015625,39.60905075073242,608.3726196289062,3364.43310546875
2023-09-07,176.26808166503906,135.5579376220703,326.14404296875,39.04604721069336,613.00830078125,3389.29931640625
2023-09-08,176.88356018066406,136.55322265625,330.45428466796875,39.47658157348633,625.3203125,3376.203857421875
2023-09-11,178.05499267578125,137.09068298339844,334.0823974609375,39.90711212158203,632.8969116210938,3414.214599609375
2023-09-12,175.01727294921875,135.4285430908203,327.9827880859375,36.23102569580078,618.89013671875,3512.452880859375
2023-09-13,172.94247436523438,136.85182189941406,332.2238464355469,37.29079818725586,623.9744873046875,3499.750244140625
2023-09-14,174.46133422851562,138.33477783203125,334.83367919921875,40.17205810546875,622.6784057617188,3492.098876953125
2023-09-15,173.73663330078125,137.64804077148438,326.45050048828125,39.973350524902344,632.2987670898438,3529.619140625
2023-09-18,176.67510986328125,138.304931640625,325.3037414550781,38.88045883178711,638.6790771484375,3537.3193359375
2023-09-19,177.76712036132812,138.175537109375,324.8984375,,,
2023-09-20,174.21315002441406,133.9555206298828,317.1083679199219,39.244754791259766,636.5357055664062,3537.221435546875
2023-09-21,172.66448974609375,130.74073791503906,315.8824768066406,37.88692092895508,625.1209106445312,3516.866943359375
2023-09-22,173.51821899414062,130.63128662109375,313.39129638671875,38.61551284790039,618.541259765625,3534.866943359375
2023-09-25,174.79885864257812,131.54693603515625,313.9152526855469,38.18498229980469,616.796630859375,3508.87255859375
2023-09-26,170.70884704589844,128.8397674560547,308.576904296875,38.05250930786133,617.8931884765625,3517.25927734375
2023-09-27,169.18995666503906,130.8402862548828,309.2194519042969,38.88045883178711,618.2421875,3520.791015625
2023-09-28,169.4480743408203,132.5023956298828,310.05975341796875,38.51616287231445,612.2107543945312,3469.24365234375
2023-09-29,169.96429443359375,131.2284393310547,312.14569091796875,38.74798583984375,628.26123046875,3461.24951171875
2023-10-02,172.48580932617188,134.5327911376953,318.1265869140625,,,
2023-10-03,171.14561462402344,132.67161560058594,309.8126220703125,38.61551284790039,618.541259765625,3446.78125
2023-10-04,172.3964385986328,135.6276092529297,315.3190002441406,38.18498229980469,611.7122802734375,3470.224609375
2023-10-05,173.6373748779297,135.3489227294922,315.7143859863281,38.251216888427734,617.6937866210938,3520.83935546875
2023-10-06,176.1986083984375,138.0760040283203,323.5242614746094,40.43700408935547,620.5350952148438,3552.27783203125
2023-10-09,177.6876678466797,138.84237670898438,326.0550537109375,38.28433609008789,615.4507446289062,3568.904541015625
2023-10-10,177.092041015625,138.54380798339844,324.6413879394531,40.966888427734375,628.6101684570312,3559.634521484375
2023-10-11,178.4917755126953,141.03199768066406,328.6253967285156,41.49677658081055,632.049560546875,3540.99755859375
2023-10-12,179.39517211914062,139.62864685058594,327.3797912597656,42.225372314453125,634.990478515625,3474.93310546875
2023-10-13,177.54869079589844,137.9267120361328,323.9889221191406,41.72860336303711,665.0476684570312,3502.69287109375
2023-10-16,177.41966247558594,139.82772827148438,328.8428955078125,42.39095687866211,664.1505126953125,3456.7861328125
2023-10-17,175.86105346679688,140.3253631591797,328.26947021484375,42.854610443115234,653.6828002929688,3440.110595703125
2023-10-18,174.5605926513672,138.62342834472656,326.3417053222656,42.78837585449219,666.4434204101562,3420.6884765625
2023-10-19,174.183349609375,138.3248291015625,327.5379333496094,46.861881256103516,666.7424926757812,3398.46240234375
2023-10-20,171.6221466064453,136.0953826904297,322.9410400390625,45.37157440185547,661.1597290039062,3436.718994140625
2023-10-23,171.74127197265625,137.2499237060547,325.5607604980469,41.33118438720703,645.3584594726562,3353.71533203125
2023-10-24,172.17807006835938,139.45945739746094,326.7569580078125,,,
2023-10-25,169.8551025390625,126.07286071777344,336.7812194824219,42.092899322509766,635.8876953125,3333.997314453125
2023-10-26,165.6757354736328,122.85808563232422,324.1470642089844,42.258487701416016,624.6224365234375,3281.530029296875
2023-10-27,166.9960479736328,122.81827545166016,326.0451965332031,42.556549072265625,639.0778198242188,3295.494873046875
2023-10-30,169.0509796142578,125.15719604492188,333.45953369140625,44.44427490234375,626.5664672851562,3322.638427734375
2023-10-31,169.5275115966797,124.7093276977539,334.2503967285156,43.45073318481445,626.7160034179688,3313.000732421875
2023-11-01,172.70420837402344,126.96861267089844,342.11956787109375,43.682559967041016,625.7689208984375,3275.531005859375
2023-11-02,176.27801513671875,127.97386169433594,344.3438720703125,44.60986328125,634.4920043945312,3304.493896484375
2023-11-03,175.3647003173828,129.7554168701172,348.772705078125,44.37803268432617,645.5079956054688,3295.4462890625
2023-11-06,177.92593383789062,130.83033752441406,352.46014404296875,44.67609786987305,644.0624389648438,3324.31005859375
2023-11-07,180.49710083007812,131.77584838867188,356.4144592285156,45.07351303100586,643.0156860351562,3314.67236328125
2023-11-08,181.55929565429688,132.63180541992188,359.05401611328125,45.20598602294922,640.5732421875,3325.5888671875
2023-11-09,181.0828094482422,131.06919860839844,356.5727233886719,44.37803268432617,647.352294921875,3292.052978515625
2023-11-10,185.28753662109375,133.42800903320312,365.4502258300781,43.550086975097656,649.0470581054688,3278.28466796875
2023-11-13,183.6970977783203,133.00999450683594,362.49432373046875,45.13975143432617,651.2402954101562,3276.416259765625
2023-11-14,186.3213653564453,134.79156494140625,366.0433349609375,,,
2023-11-15,186.88792419433594,135.73707580566406,366.1919250488281,45.13975143432617,669.4840087890625,3347.962646484375
2023-11-16,188.57781982421875,138.04615783691406,372.6307678222656,44.54362487792969,678.3068237304688,3439.96435546875
2023-11-17,188.5579071044922,136.29444885253906,366.3702087402344,44.411155700683594,679.4532470703125,3444.488037109375
2023-11-20,190.30740356445312,137.2698211669922,373.8887634277344,44.60986328125,672.2255249023438,3461.3544921875
2023-11-21,189.5022430419922,137.96653747558594,369.5599365234375,44.576744079589844,679.602783203125,3452.109619140625
2023-11-22,190.16824340820312,139.3599395751953,374.294921875,43.682559967041016,679.1043701171875,3471.729736328125
2023-11-23,,,,43.11955642700195,677.8582153320312,3450.19189453125
2023-11-24,188.8362274169922,137.56842041015625,373.87890625,42.556549072265625,671.62744140625,3399.888427734375
2023-11-27,188.6573028564453,137.3992156982422,375.0478210449219,,,
2023-11-28,189.263671875,137.96653747558594,379.099365234375,45.0403938293457,695.3541870117188,3412.722412109375
2023-11-29,188.2398223876953,135.7570037841797,375.2855224609375,46.3651123046875,710.1585083007812,3455.600830078125
2023-11-30,188.81637573242188,133.28868103027344,375.344970703125,50.40550231933594,704.226806640625,3429.884033203125
2023-12-01,190.09866333007812,132.69151306152344,370.98638916015625,49.4450798034668,703.2797241210938,3453.53564453125
2023-12-04,188.29945373535156,130.01419067382812,365.6668701171875,52.0614013671875,703.4292602539062,3454.322509765625
2023-12-05,192.26565551757812,131.76589965820312,369.0150451660156,51.06786346435547,706.7689819335938,3473.15576171875
2023-12-06,191.17222595214844,130.81040954589844,365.330078125,51.69710159301758,720.2274169921875,3544.455810546875
2023-12-07,193.11058044433594,137.7973175048828,367.45989990234375,53.71729278564453,719.72900390625,3555.076904296875
2023-12-08,194.5419921875,135.99586486816406,370.7090148925781,52.193870544433594,712.3517456054688,3566.681640625
2023-12-11,192.02708435058594,134.06500244140625,367.8065490722656,52.95558166503906,718.58251953125,3582.613525390625
2023-12-12,193.5479736328125,133.00999450683594,370.8575744628906,53.25364303588867,713.1991577148438,3611.33056640625
2023-12-13,196.778564453125,133.3384552001953,370.8476867675781,53.12117385864258,718.0840454101562,3534.080078125
2023-12-14,196.92767333984375,132.5720672607422,362.487060546875,54.644596099853516,717.5357666015625,3606.560791015625
2023-12-15,196.3909149169922,133.2090606689453,367.241943359375,54.37965393066406,730.1468505859375,3797.1044921875
2023-12-18,194.72091674804688,136.54327392578125,369.1438903808594,54.84330749511719,728.5517578125,3795.334228515625
2023-12-19,195.76466369628906,137.448974609375,369.7481384277344,54.57836151123047,726.7074584960938,3753.045654296875
2023-12-20,193.66725158691406,139.00161743164062,367.1329650878906,49.90873336791992,703.080322265625,3717.494140625
2023-12-21,193.51812744140625,141.1315460205078,370.0254821777344,51.796451568603516,706.6692504882812,3724.82080078125
2023-12-22,192.444580078125,142.04721069335938,371.0556640625,51.92892837524414,722.4705200195312,3760.716552734375
2023-12-26,191.89788818359375,142.146728515625,371.13494873046875,51.86268997192383,717.3363647460938,3732.73779296875
2023-12-27,191.99725341796875,140.77325439453125,370.5505065917969,52.95558166503906,738.6206665039062,3748.12841796875
2023-12-28,192.42471313476562,140.61398315429688,371.7491455078125,54.87642288208008,751.5806884765625,3737.015380859375
2023-12-29,191.38096618652344,140.265625,372.5019836425781,54.01535415649414,777.550537109375,3730.623291015625
2024-01-01,,,,54.21406173706055,788.167724609375,3748.0302734375
2024-01-02,184.53208923339844,138.902099609375,367.380615234375,53.38611602783203,781.9868774414062,3720.591796875
2024-01-03,183.15037536621094,139.69833374023438,367.1131286621094,58.287567138671875,779.0459594726562,3630.6552734375
2024-01-04,180.82435607910156,137.38926696777344,364.4781799316406,58.02262878417969,793.3019409179688,3606.1181640625
2024-01-05,180.09869384765625,136.74232482910156,364.28997802734375,57.360267639160156,788.5167236328125,3676.04150390625
2024-01-08,184.4525604248047,139.86752319335938,371.1646728515625,56.333614349365234,786.67236328125,3617.427734375
2024-01-09,184.03506469726562,141.88795471191406,372.2543029785156,60.506473541259766,797.3394775390625,3628.8359375
2024-01-10,185.0788116455078,143.1221160888672,379.16864013671875,61.268184661865234,805.962890625,3651.6025390625
2024-01-11,184.48236083984375,142.99270629882812,381.0111389160156,61.16883087158203,813.1407470703125,3673.73046875
2024-01-12,184.81040954589844,143.56004333496094,384.8150329589844,60.53959274291992,813.938232421875,3818.54345703125
2024-01-15,,,,60.77141189575195,809.9505615234375,3839.1962890625
2024-01-16,182.5341033935547,143.4008026123047,386.59808349609375,59.61228942871094,816.330810546875,3797.3994140625
2024-01-17,181.58975219726562,142.21640014648438,385.80560302734375,58.254451751708984,803.07177734375,3820.31396484375
2024-01-18,187.5042266845703,144.30650329589844,390.16424560546875,57.75768280029297,816.5302124023438,3838.01611328125
2024-01-19,190.416748046875,147.2724609375,394.9190673828125,62.62601852416992,821.0164184570312,3886.760009765625
2024-01-22,192.7328338623047,147.013671875,392.77935791015625,,,
2024-01-23,194.01515197753906,147.97909545898438,395.1468505859375,65.3085708618164,797.9874877929688,3803.17041015625
2024-01-24,193.33921813964844,149.6412353515625,398.7724609375,69.7132568359375,808.4053344726562,3786.95556640625
2024-01-25,193.01116943359375,152.9157257080078,401.0607604980469,75.97254943847656,809.3523559570312,3755.9052734375
2024-01-26,191.27162170410156,153.0650177001953,400.1295471191406,,,
2024-01-29,190.5857391357422,154.1100616455078,405.8650817871094,84.11956024169922,838.4127197265625,3746.73779296875
2024-01-30,186.9177703857422,152.32852172851562,404.7457275390625,84.15267944335938,856.207763671875,3746.29443359375
2024-01-31,183.2994842529297,141.1315460205078,393.8393249511719,85.74234771728516,881.4798583984375,3761.474365234375
2024-02-01,185.74481201171875,142.03726196289062,399.9809875488281,93.8231201171875,875.79736328125,3799.129150390625
2024-02-02,184.7408447265625,142.8633270263672,407.3509826660156,111.70680236816406,876.0465698242188,3909.677978515625
2024-02-05,186.55992126464844,144.2467803955078,401.8334045410156,110.01778411865234,923.94873046875,3916.578125
2024-02-06,188.1702423095703,144.7245330810547,401.67486572265625,104.28839111328125,936.6595458984375,4076.955810546875
2024-02-07,188.27960205078125,145.988525390625,410.154296875,104.68580627441406,930.9271850585938,4025.106201171875
2024-02-08,187.19610595703125,146.5260009765625,410.2137756347656,101.93701171875,921.4564208984375,4075.082763671875
2024-02-09,187.9624786376953,149.5118408203125,416.5931701660156,97.99597930908203,912.18505859375,4074.6884765625
2024-02-12,186.27044677734375,148.02886962890625,411.35296630859375,88.19306182861328,908.7954711914062,4061.8740234375
2024-02-13,184.1703643798828,145.67999267578125,402.4970703125,82.39743041992188,904.1099853515625,4090.26220703125
2024-02-14,183.2845458984375,146.44635009765625,406.38739013671875,86.5040512084961,915.4749145507812,4041.568359375
2024-02-15,182.9959259033203,143.26144409179688,403.4795837402344,90.80938720703125,917.7179565429688,4044.623779296875
2024-02-16,181.4532012939453,141.0917205810547,400.99853515625,89.15348815917969,935.7124633789062,4069.365478515625
2024-02-19,,,,93.59129333496094,929.7308959960938,4045.21484375
2024-02-20,180.7067413330078,141.52964782714844,399.7381591796875,94.45236206054688,923.5001220703125,3973.109375
2024-02-21,181.4631805419922,143.1619110107422,399.13275146484375,92.2003402709961,918.2164306640625,3934.5185546875
2024-02-22,183.5035400390625,144.63494873046875,408.5310363769531,96.70438385009766,929.4318237304688,4028.753662109375
2024-02-23,181.6622314453125,144.60508728027344,407.23095703125,94.98224639892578,934.5161743164062,3994.253173828125
2024-02-26,180.30860900878906,138.0959014892578,404.4521484375,92.5315170288086,934.0675659179688,3943.931884765625
2024-02-27,181.77171325683594,139.43955993652344,404.39263916015625,91.6373291015625,959.7383422851562,4045.806640625
2024-02-28,180.56739807128906,136.78213500976562,404.63079833984375,87.56382751464844,955.1026000976562,4060.149169921875
2024-02-29,179.90054321289062,139.12106323242188,410.5059814453125,89.58402252197266,947.2767944335938,4036.6396484375
2024-03-01,178.815673828125,137.4290771484375,412.3518371582031,88.06059265136719,974.3931274414062,4035.900146484375
2024-03-04,174.27708435058594,133.56736755371094,411.7762451171875,87.66317749023438,984.1629638671875,4022.44482421875
2024-03-05,169.3205108642578,133.1493377685547,399.5992126464844,87.82877349853516,1018.7562255859375,3954.824462890625
2024-03-06,168.32518005371094,131.93508911132812,399.0434265136719,84.31827545166016,1014.519287109375,4006.279052734375
2024-03-07,168.20574951171875,134.6024627685547,406.0400390625,84.31827545166016,1036.1026611328125,4049.947021484375
2024-03-08,169.92762756347656,135.6475067138672,403.14215087890625,,,
2024-03-11,171.93814086914062,138.28501892089844,401.4550476074219,80.17852783203125,1024.83740234375,4063.50048828125
2024-03-12,172.41586303710938,138.96180725097656,412.13348388671875,77.09855651855469,1013.372802734375,4132.40283203125
2024-03-13,170.32574462890625,140.1063995361328,411.95489501953125,73.25687408447266,970.2060546875,4089.770263671875
2024-03-14,172.1869659423828,143.6595458984375,421.9981994628906,76.89985656738281,964.7727661132812,4147.53369140625
2024-03-15,171.80874633789062,141.49978637695312,413.264892578125,74.08482360839844,942.9401245117188,4159.01708984375
2024-03-18,172.90357971191406,147.78004455566406,414.1580505371094,73.8530044555664,969.4583129882812,4093.22021484375
2024-03-19,175.2524871826172,147.22268676757812,418.2170715332031,72.4289321899414,954.8035278320312,3920.52099609375
2024-03-20,177.83030700683594,148.97438049316406,422.00811767578125,72.4289321899414,937.5567626953125,3914.212158203125
2024-03-21,170.5646209716797,148.03883361816406,426.11676025390625,76.03878784179688,961.9315795898438,3916.233154296875
2024-03-22,171.47035217285156,151.05453491210938,425.49151611328125,76.2043685913086,976.7857055664062,3855.06884765625
2024-03-25,170.0470733642578,150.4374542236328,419.65606689453125,,,
2024-03-26,168.9124298095703,150.98486328125,418.4552307128906,76.03878784179688,983.166015625,3822.145751953125
2024-03-27,172.49551391601562,151.22373962402344,418.2369079589844,75.11148071289062,975.6392822265625,3786.068359375
2024-03-28,170.67410278320312,151.54222106933594,417.53228759765625,78.75445556640625,989.7457275390625,3820.962890625
2024-04-01,169.2309112548828,155.7622528076172,421.3531188964844,82.66236877441406,989.1973876953125,3860.835693359375
2024-04-02,168.04649353027344,155.1352081298828,418.2468566894531,84.91439056396484,1001.5592651367188,3828.35595703125
2024-04-03,168.85269165039062,155.63284301757812,417.26434326171875,84.55009460449219,1006.0454711914062,3890.94921875
2024-04-04,168.026611328125,151.22373962402344,414.71380615234375,83.85462188720703,1008.4878540039062,3946.14990234375
2024-04-05,168.78302001953125,153.2143096923828,422.2959289550781,91.6373291015625,1004.001708984375,3922.443359375
2024-04-08,167.65834045410156,155.4039306640625,421.3729553222656,89.48466491699219,1010.0829467773438,3915.839111328125
2024-04-09,168.8726043701172,157.39450073242188,423.0501708984375,91.00809478759766,1005.3973999023438,3890.2099609375
2024-04-10,166.99148559570312,156.91677856445312,420.0530700683594,90.34573364257812,1010.3820190429688,3927.765869140625
2024-04-11,174.2173614501953,160.03201293945312,424.6876525878906,,,
2024-04-12,175.7202911376953,158.43955993652344,418.703369140625,88.49112701416016,1015.3666381835938,3944.27685546875
2024-04-15,171.87840270996094,155.59304809570312,410.5059814453125,83.42408752441406,995.7272338867188,3884.936279296875
2024-04-16,168.583984375,155.2646026611328,411.43878173828125,83.22537231445312,989.7457275390625,3817.51318359375
2024-04-17,167.21046447753906,156.1404571533203,408.71954345703125,,,
2024-04-18,166.2549591064453,156.71771240234375,401.2069091796875,82.59613800048828,968.3616943359375,3806.866943359375
2024-04-19,164.2245635986328,154.98593139648438,396.095947265625,82.19871520996094,960.23681640625,3771.578125
2024-04-22,165.06060791015625,157.20538330078125,397.9220275878906,82.92731475830078,970.554931640625,3809.43017578125
2024-04-23,166.11561584472656,159.16612243652344,404.48193359375,88.92166137695312,983.71435546875,3819.3857421875
2024-04-24,168.2256622314453,160.34054565429688,405.96063232421875,87.9281234741211,988.5993041992188,3776.359130859375
2024-04-25,169.09156799316406,157.20538330078125,396.0165710449219,87.66317749023438,998.1697387695312,3797.20703125
2024-04-26,168.5043487548828,172.8712158203125,403.2414245605469,90.27950286865234,996.4251098632812,3766.79736328125
2024-04-29,172.68460083007812,167.10848999023438,399.2022399902344,94.154296875,997.5216674804688,3814.949951171875
2024-04-30,169.52951049804688,163.86386108398438,386.3800964355469,92.56463623046875,1004.79931640625,3766.107177734375
2024-05-01,168.5043487548828,164.78948974609375,391.9476623535156,,,
2024-05-02,172.21682739257812,167.66587829589844,394.82562255859375,91.90227508544922,1024.6380615234375,3808.1484375
2024-05-03,182.51817321777344,168.19337463378906,403.57879638671875,91.8691635131836,1010.2823486328125,3788.53271484375
2024-05-06,180.85604858398438,169.02938842773438,410.40667724609375,88.49112701416016,1013.07373046875,3865.07421875
2024-05-07,181.5427703857422,172.16453552246094,406.238525390625,85.17933654785156,985.5087890625,3922.1474609375
2024-05-08,181.88119506835938,170.35313415527344,407.4294128417969,90.01455688476562,1008.986328125,3920.176025390625
2024-05-09,183.7025909423828,170.77114868164062,409.1959228515625,86.47093200683594,1027.13037109375,3903.665283203125
2024-05-10,182.43685913085938,169.48721313476562,411.59759521484375,87.69629669189453,1043.4300537109375,3838.3115234375
2024-05-13,185.65602111816406,170.0943603515625,410.5853271484375,86.10663604736328,956.79736328125,3891.4423828125
2024-05-14,186.80215454101562,171.11949157714844,413.40380859375,90.71003723144531,961.6823120117188,3845.50732421875
2024-05-15,189.0845184326172,173.060302734375,420.6317443847656,89.48466491699219,944.3856811523438,3825.00439453125
2024-05-16,189.2041015625,174.60301208496094,418.5538024902344,90.24638366699219,933.5192260742188,3873.208984375
2024-05-17,189.23399353027344,176.45423889160156,417.7783203125,94.25365447998047,942.7906494140625,3806.834716796875
2024-05-20,190.40008544921875,177.6187286376953,422.878662109375,,,
2024-05-21,191.70570373535156,178.69361877441406,426.5572509765625,98.52586364746094,948.3733520507812,3793.033447265625
2024-05-22,190.2605438232422,177.160888671875,428.0286865234375,98.09532928466797,944.5850830078125,3804.749267578125
2024-05-23,186.2540283203125,174.2347412109375,424.529052734375,98.49274444580078,959.3893432617188,3865.76220703125
2024-05-24,189.3436279296875,175.49876403808594,427.6707763671875,96.53878784179688,957.5949096679688,3822.124755859375
2024-05-27,,,,96.07513427734375,955.5512084960938,3819.6923828125
2024-05-28,189.3535919189453,177.18080139160156,427.8298645019531,91.93539428710938,944.6348876953125,3812.59326171875
2024-05-29,189.65260314941406,176.56370544433594,426.6865234375,94.22053527832031,940.6970825195312,3776.600830078125
2024-05-30,190.6492462158203,172.74180603027344,412.2704162597656,90.9749755859375,921.1075439453125,3709.531494140625
2024-05-31,191.6060333251953,173.13992309570312,412.7277526855469,94.31988525390625,920.1604614257812,3644.8447265625
2024-06-03,193.38006591796875,173.59776306152344,411.1270446777344,99.78434753417969,947.5260009765625,3676.517822265625
2024-06-04,193.69898986816406,174.30442810058594,413.6623229980469,89.81584930419922,901.1192626953125,3688.58154296875
2024-06-05,195.21389770507812,176.2352752685547,421.5563659667969,86.13975524902344,927.089111328125,3719.807861328125
2024-06-06,193.82855224609375,177.50924682617188,422.0633850097656,92.10098266601562,935.363525390625,3803.16064453125
2024-06-07,196.23048400878906,175.12054443359375,421.3973083496094,95.4458999633789,967.5143432617188,3866.2587890625
2024-06-10,192.4730987548828,175.99740600585938,425.3940124511719,94.69080352783203,972.1500244140625,3831.259521484375
2024-06-11,206.45611572265625,177.5518035888672,430.1761779785156,103.7121353149414,987.0999755859375,3824.706787109375
2024-06-12,212.35630798339844,178.91690063476562,438.5076904296875,104.4341049194336,988.7000122070312,3804.40185546875
2024-06-13,213.52236938476562,176.10699462890625,439.0246887207031,102.79145812988281,985.8499755859375,3850.571044921875
2024-06-14,211.77822875976562,177.73117065429688,440.00897216796875,105.62635040283203,993.4000244140625,3804.799072265625
2024-06-17,215.94422912597656,178.1396942138672,445.775390625,,,
2024-06-18,213.5721893310547,175.8180389404297,443.75714111328125,104.77853393554688,985.9000244140625,3787.969482421875
2024-06-19,,,,106.69937133789062,977.3499755859375,3774.6650390625
2024-06-20,208.97763061523438,177.07354736328125,443.120849609375,108.20292663574219,978.25,3760.317626953125
2024-06-21,206.7949981689453,179.61439514160156,447.17724609375,109.99791717529297,961.7999877929688,3783.650634765625
2024-06-24,207.44281005859375,180.14248657226562,445.0794677734375,107.9644775390625,958.0499877929688,3789.65771484375
2024-06-25,208.36968994140625,184.91534423828125,448.3404541015625,105.83168029785156,955.0,3811.153564453125
2024-06-26,212.5356903076172,184.70606994628906,449.54345703125,104.72554779052734,951.8499755859375,3828.429931640625
2024-06-27,213.3828582763672,186.1907501220703,450.2294921875,104.77853393554688,972.0999755859375,3906.173095703125
2024-06-28,209.91448974609375,182.76307678222656,444.3636474609375,103.96382904052734,989.75,3876.38623046875
2024-07-01,216.02395629882812,183.82923889160156,454.0870361328125,103.72537994384766,1002.0499877929688,3949.909912109375
2024-07-02,219.5321807861328,185.941650390625,456.62225341796875,107.48757934570312,981.2999877929688,3988.830810546875
2024-07-03,220.80789184570312,186.71885681152344,458.1036376953125,111.95850372314453,975.6500244140625,3937.0517578125
2024-07-04,,,,123.64913177490234,998.2000122070312,3992.355712890625
2024-07-05,225.5818328857422,191.27249145507812,464.8543395996094,124.92748260498047,993.6500244140625,3983.270751953125
2024-07-08,227.056884765625,189.79779052734375,463.5419921875,126.6628646850586,1002.5999755859375,3964.802978515625
2024-07-09,227.9139862060547,189.7579345703125,456.8807678222656,125.6362075805664,1014.9500122070312,3957.157958984375
2024-07-10,232.19960021972656,191.96998596191406,463.55194091796875,124.20552062988281,1005.5,3881.350830078125
2024-07-11,226.80772399902344,186.62918090820312,452.06878662109375,128.43798828125,1020.7999877929688,3895.79736328125
2024-07-12,229.76776123046875,186.1110382080078,450.9254150390625,125.70906829833984,1016.75,4154.19677734375
2024-07-15,233.61483764648438,187.5159912109375,451.3330383300781,124.58306121826172,1024.449951171875,4139.55224609375
2024-07-16,234.03343200683594,184.8356170654297,446.9187316894531,122.9139175415039,1021.1500244140625,4148.736328125
2024-07-17,228.1133270263672,181.9659423828125,440.9534606933594,,,
2024-07-18,223.42906188964844,178.578125,437.8216857910156,118.27740478515625,1024.550048828125,4284.86083984375
2024-07-19,223.5586395263672,178.74749755859375,434.5805358886719,113.83297729492188,990.0,4281.7255859375
2024-07-22,223.20980834960938,182.69332885742188,440.3768615722656,122.52974700927734,1003.1500244140625,4266.748046875
2024-07-23,224.2563018798828,182.9424285888672,442.2757873535156,117.40971374511719,1001.7999877929688,4281.67626953125
2024-07-24,217.80795288085938,173.7454833984375,426.4180908203125,119.97966766357422,1027.699951171875,4285.55712890625
2024-07-25,216.76148986816406,168.55413818359375,415.97882080078125,116.14460754394531,1090.949951171875,4301.72900390625
2024-07-26,217.2299041748047,168.07586669921875,422.8090515136719,115.5948486328125,1118.300048828125,4366.76513671875
2024-07-29,217.50897216796875,170.51708984375,424.2606201171875,124.25849914550781,1124.0,4360.0478515625
2024-07-30,218.06710815429688,171.24447631835938,420.4726867675781,122.2581787109375,1161.8499755859375,4344.37353515625
2024-07-31,221.3361053466797,172.52984619140625,415.9291076660156,120.02603149414062,1156.6500244140625,4364.27734375
2024-08-01,217.62855529785156,171.8323516845703,414.6962585449219,118.88677978515625,1144.4000244140625,4375.970703125
2024-08-02,219.12355041503906,167.79685974121094,406.1261901855469,120.41681671142578,1096.6500244140625,4262.46826171875
2024-08-05,208.5690155029297,160.06466674804688,392.86334228515625,111.1901626586914,1016.4500122070312,4135.08349609375
2024-08-06,206.5358428955078,159.9650115966797,397.29754638671875,108.48774719238281,1013.75,4151.15673828125
2024-08-07,209.11717224121094,160.1742706298828,396.1243591308594,113.46205139160156,1025.300048828125,4180.265625
2024-08-08,212.59547424316406,163.25318908691406,400.3597412109375,111.98499298095703,1041.75,4152.49951171875
2024-08-09,215.51568603515625,164.7976531982422,403.6704406738281,122.39727783203125,1068.0999755859375,4208.4296875
2024-08-12,217.0522918701172,163.36280822753906,404.4559020996094,120.40357971191406,1076.1500244140625,4175.48876953125
2024-08-13,220.78408813476562,165.335693359375,411.6142272949219,114.79339599609375,1053.449951171875,4176.78271484375
2024-08-14,221.23309326171875,161.44967651367188,414.4477233886719,114.99872589111328,1062.3499755859375,4274.6103515625
2024-08-15,224.22650146484375,162.58560180664062,419.34808349609375,,,
2024-08-16,225.5535888671875,164.1499786376953,416.7983093261719,121.07255554199219,1098.3499755859375,4394.82958984375
2024-08-19,225.3939208984375,167.79685974121094,419.8460998535156,122.31779479980469,1087.699951171875,4468.42431640625
2024-08-20,226.0125732421875,168.35487365722656,423.10302734375,121.81439971923828,1086.9000244140625,4501.564453125
2024-08-21,225.90281677246094,167.0296173095703,422.4456787109375,120.3969497680664,1085.199951171875,4529.62890625
2024-08-22,224.0369110107422,164.8972930908203,413.8899841308594,120.4764404296875,1068.449951171875,4480.36669921875
2024-08-23,226.3418426513672,166.830322265625,415.1250305175781,118.02571105957031,1085.1500244140625,4442.44970703125
2024-08-26,226.68109130859375,167.3285369873047,411.83819580078125,116.56851959228516,1092.4000244140625,4480.81494140625
2024-08-27,227.52923583984375,165.78411865234375,412.1867980957031,117.66140747070312,1077.25,4475.5400390625
2024-08-28,225.99261474609375,163.91082763671875,408.95977783203125,129.63023376464844,1074.550048828125,4484.3974609375
2024-08-29,229.28536987304688,162.8147735595703,411.4696960449219,129.04074096679688,1121.6500244140625,4490.11962890625
2024-08-30,228.49710083007812,164.51864624023438,415.4736328125,123.44380187988281,1111.3499755859375,4531.86767578125
2024-09-02,,,,124.25187683105469,1092.6500244140625,4499.32470703125
2024-09-03,222.28079223632812,158.04193115234375,407.80438232421875,123.64250946044922,1085.0999755859375,4490.6669921875
2024-09-04,220.36500549316406,157.2447967529297,407.26654052734375,122.38402557373047,1080.449951171875,4457.72607421875
2024-09-05,221.8916473388672,158.03196716308594,406.7585754394531,120.81423950195312,1069.1500244140625,4454.44189453125
2024-09-06,220.33506774902344,151.58514404296875,400.0953063964844,118.37013244628906,1049.3499755859375,4435.33447265625
2024-09-09,220.4248809814453,149.2005615234375,404.0992431640625,115.03184509277344,1038.699951171875,4428.1689453125
2024-09-10,219.62661743164062,149.66949462890625,412.5453796386719,119.47627258300781,1035.800048828125,4486.18896484375
2024-09-11,222.17103576660156,151.80462646484375,421.3500671386719,116.383056640625,976.2999877929688,4457.82568359375
2024-09-12,222.28079223632812,155.1869354248047,425.29425048828125,119.44978332519531,986.1500244140625,4495.99169921875
2024-09-13,222.01136779785156,158.01051330566406,428.8699035644531,118.73443603515625,992.0999755859375,4500.86767578125
2024-09-16,215.84495544433594,158.62911987304688,429.6169128417969,116.80696868896484,988.4000244140625,4491.5625
2024-09-17,216.31390380859375,159.9161834716797,433.41168212890625,118.01245880126953,974.9500122070312,4483.9990234375
2024-09-18,220.20535278320312,160.44497680664062,429.0890197753906,116.03863525390625,962.0499877929688,4325.265625
2024-09-19,228.3673858642578,162.86947631835938,436.93756103515625,113.74686431884766,967.0,4275.50537109375
2024-09-20,227.6988525390625,164.2662811279297,433.53118896484375,115.29679107666016,970.8499755859375,4264.3095703125
2024-09-23,225.97265625,162.69985961914062,431.77825927734375,117.09178161621094,971.7999877929688,4247.98876953125
2024-09-24,226.8706817626953,163.2685546875,427.4555969238281,115.3961410522461,977.2999877929688,4250.77490234375
2024-09-25,225.8728790283203,162.6200408935547,430.3838195800781,114.12442016601562,963.5999755859375,4254.208984375
2024-09-26,227.02035522460938,163.4581298828125,429.5870361328125,111.99824523925781,993.1500244140625,4271.873046875
2024-09-27,227.2897491455078,164.91481018066406,426.3101501464844,117.50906372070312,993.0,4287.99560546875
2024-09-30,232.48831176757812,166.8105010986328,428.5810546875,118.76092529296875,974.6500244140625,4247.98876953125
2024-10-01,225.71322631835938,168.03770446777344,419.00946044921875,119.35041809082031,965.2000122070312,4267.29541015625
2024-10-02,226.28196716308594,166.9302215576172,415.4636535644531,,,
2024-10-03,225.17440795898438,166.83045959472656,414.87603759765625,112.97853088378906,925.7000122070312,4212.41064453125
2024-10-04,226.30194091796875,168.17738342285156,414.39794921875,111.94525146484375,930.75,4231.81689453125
2024-10-07,221.2031707763672,164.016845703125,407.90399169921875,115.08152770996094,927.8499755859375,4252.31787109375
2024-10-08,225.27420043945312,165.32386779785156,413.0533447265625,114.54501342773438,919.7999877929688,4232.81201171875
2024-10-09,229.03591918945312,162.6898651123047,415.7923278808594,115.40939331054688,939.1500244140625,4232.513671875
2024-10-10,228.53700256347656,162.80958557128906,414.1788330078125,116.2240982055664,928.5,4207.0859375
2024-10-11,227.05029296875,164.1465606689453,414.6568908691406,113.32295989990234,930.7000122070312,4129.26220703125
2024-10-14,230.79205322265625,165.972412109375,417.4656677246094,112.48838806152344,928.25,4116.77197265625
2024-10-15,233.33645629882812,166.52114868164062,417.0672302246094,111.9320068359375,917.2999877929688,4097.017578125
2024-10-16,231.27099609375,166.3615264892578,414.45770263671875,112.03136444091797,907.4500122070312,4075.272705078125
2024-10-17,231.6401824951172,164.13656616210938,415.0552978515625,109.5872573852539,891.5999755859375,4089.25537109375
2024-10-18,234.4839324951172,164.67535400390625,416.48956298828125,107.2723159790039,910.1500244140625,4113.24755859375
2024-10-21,235.96067810058594,165.4236602783203,417.1070861816406,101.91714477539062,903.2999877929688,4070.150634765625
2024-10-22,235.342041015625,166.44134521484375,425.8022155761719,96.02545928955078,879.5,4005.95361328125
2024-10-23,230.25323486328125,164.1066436767578,422.9038391113281,93.94896697998047,877.6500244140625,4056.5830078125
2024-10-24,230.06365966796875,164.1565399169922,423.0333251953125,91.67375946044922,880.0,4038.2763671875
2024-10-25,230.9018096923828,166.61094665527344,426.43963623046875,87.3419418334961,864.2999877929688,4047.903564453125
2024-10-28,232.88743591308594,167.9578857421875,424.8858642578125,92.70703887939453,878.4500122070312,4081.12451171875
2024-10-29,233.15684509277344,170.7515411376953,430.2244873046875,93.36277770996094,842.75,4065.5615234375
2024-10-30,229.59469604492188,175.7401885986328,430.8021545410156,96.51229095458984,840.2000122070312,4074.939208984375
2024-10-31,225.4138946533203,172.2980194091797,404.72674560546875,96.56197357177734,834.0499877929688,3959.015380859375
2024-11-01,222.4204864501953,172.2581024169922,408.7306823730469,99.32401275634766,843.4500122070312,3974.72802734375
2024-11-04,221.52244567871094,170.29257202148438,406.82830810546875,97.17796325683594,824.0999755859375,3954.7255859375
2024-11-05,222.95928955078125,171.02093505859375,409.8163146972656,96.2341079711914,835.6500244140625,3961.90869140625
2024-11-06,222.23089599609375,177.92520141601562,418.50146484375,100.78450775146484,839.7000122070312,4129.80810546875
2024-11-07,226.98043823242188,181.86624145507812,423.7304992675781,98.9663314819336,819.75,4141.03173828125
2024-11-08,226.7107391357422,179.4517364501953,420.85205078125,96.39306640625,805.4500122070312,4137.14111328125
2024-11-11,223.98373413085938,181.55694580078125,416.34014892578125,93.93903350830078,804.7000122070312,4188.71826171875
2024-11-12,223.98373413085938,182.9038848876953,421.340087890625,92.85607147216797,784.8499755859375,4187.4208984375
2024-11-13,224.8727569580078,180.08030700683594,423.5014343261719,88.93160247802734,786.25,4140.48291015625
2024-11-14,227.9693603515625,176.94744873046875,425.1846923828125,89.4184341430664,774.2999877929688,4136.04345703125
2024-11-15,224.7528839111328,173.49530029296875,413.3421936035156,,,
2024-11-18,227.7695770263672,176.39869689941406,414.0991516113281,89.40849304199219,771.9000244140625,4009.944091796875
2024-11-19,228.02928161621094,179.17237854003906,416.12103271484375,89.23959350585938,783.2000122070312,4029.946533203125
2024-11-20,228.7484893798828,176.92747497558594,413.8302001953125,,,
2024-11-21,228.26902770996094,168.85585021972656,412.0437927246094,87.6697998046875,773.8499755859375,4063.167236328125
2024-11-22,229.61753845214844,166.19192504882812,416.16552734375,88.5540542602539,791.0,4234.5087890625
2024-11-25,232.61424255371094,169.04539489746094,417.95196533203125,94.14767456054688,796.5999755859375,4304.84130859375
2024-11-26,234.8018341064453,170.23269653320312,427.133544921875,93.93903350830078,783.0,4342.35205078125
2024-11-27,234.67198181152344,170.43226623535156,422.1435546875,95.06172943115234,783.9500122070312,4322.24951171875
2024-11-28,,,,98.121826171875,779.4500122070312,4234.80810546875
2024-11-29,237.06935119628906,170.10301208496094,422.61260986328125,98.578857421875,786.4500122070312,4260.69677734375
2024-12-02,239.3268585205078,172.58734130859375,430.1175842285156,97.60518646240234,790.0499877929688,4266.482421875
2024-12-03,242.3834991455078,172.62725830078125,430.3371276855469,98.64839935302734,801.25,4292.5205078125
2024-12-04,242.74310302734375,175.69029235839844,436.544677734375,99.40349578857422,788.0999755859375,4344.0478515625
2024-12-05,242.7730712890625,173.91432189941406,441.7342529296875,102.16552734375,792.5499877929688,4453.43701171875
2024-12-06,242.5732879638672,176.0894012451172,442.682373046875,102.95042419433594,816.7999877929688,4434.93115234375
2024-12-09,246.47900390625,176.89846801757812,445.12744140625,102.66230010986328,798.75,4441.5654296875
2024-12-10,247.4978790283203,186.31773376464844,442.4428405761719,101.99662780761719,799.9000244140625,4422.01171875
2024-12-11,246.2192840576172,196.4861602783203,448.0915222167969,101.39057159423828,799.0999755859375,4416.92431640625
2024-12-12,247.68768310546875,193.40965270996094,448.6603698730469,99.99961853027344,786.3499755859375,4444.35888671875
2024-12-13,247.85748291015625,191.16221618652344,446.37493896484375,98.64839935302734,790.2999877929688,4463.263671875
2024-12-16,250.7642822265625,197.93450927734375,450.6863098144531,100.41690063476562,784.7999877929688,4404.70361328125
2024-12-17,253.20159912109375,196.8956756591797,453.5505676269531,99.98967742919922,779.75,4318.20947265625
2024-12-18,247.77757263183594,189.93360900878906,436.5147399902344,98.09202575683594,755.7000122070312,4337.513671875
2024-12-19,249.51565551757812,189.484130859375,436.15545654296875,96.47254943847656,744.0499877929688,4261.744140625
2024-12-20,254.21051025390625,192.74041748046875,435.726318359375,93.81980895996094,724.0499877929688,4160.38525390625
2024-12-23,254.98965454101562,195.7669677734375,434.3790283203125,92.04137420654297,722.2000122070312,4148.4140625
2024-12-24,257.91644287109375,197.34518432617188,438.4508361816406,92.5977554321289,736.0999755859375,4169.5634765625
2024-12-26,258.7355041503906,196.87571716308594,437.2332763671875,91.47505950927734,740.7999877929688,4159.1884765625
2024-12-27,255.30929565429688,193.81918334960938,429.66845703125,92.78652954101562,750.5,4154.94873046875
2024-12-30,251.9230194091797,192.47073364257812,423.9798583984375,87.61019134521484,733.6500244140625,4148.91259765625
2024-12-31,250.1449737548828,190.22328186035156,420.6565246582031,92.349365234375,740.1500244140625,4085.065185546875
2025-01-01,,,,92.349365234375,749.25,4102.67333984375
2025-01-02,243.5821990966797,190.41307067871094,417.74237060546875,92.74678039550781,765.0499877929688,4165.82275390625
2025-01-03,243.0927276611328,192.9102325439453,422.5028381347656,91.9221420288086,790.4000244140625,4090.15283203125
2025-01-06,244.73092651367188,197.7347412109375,426.99383544921875,87.2823257446289,776.25,4085.2646484375
2025-01-07,241.94400024414062,196.4861602783203,421.5247802734375,88.70308685302734,793.25,4018.72314453125
2025-01-08,242.43344116210938,195.1676483154297,423.7104187011719,89.2495346069336,794.9500122070312,4098.6328125
2025-01-09,,,,87.18296813964844,780.0999755859375,4029.248291015625
2025-01-10,236.58987426757812,192.95018005371094,418.11163330078125,83.94403839111328,774.6500244140625,4255.5087890625
2025-01-13,234.14256286621094,192.0711669921875,416.35516357421875,78.41996765136719,751.0,4280.8984375
2025-01-14,233.02378845214844,190.8325958251953,414.8382263183594,83.56649017333984,770.5,4222.986328125
2025-01-15,237.60874938964844,196.75584411621094,425.4569091796875,85.69266510009766,763.5999755859375,4239.4970703125
2025-01-16,228.00930786132812,194.1887664794922,423.7303466796875,87.26245880126953,774.3499755859375,4196.2998046875
2025-01-17,229.7274169921875,197.3251953125,428.1714782714844,94.6941146850586,779.75,4124.2998046875
2025-01-20,,,,98.121826171875,774.3499755859375,4077.800048828125
2025-01-21,222.39547729492188,199.40283203125,427.64251708984375,94.4854736328125,760.75,4035.85009765625
2025-01-22,223.58416748046875,199.8023681640625,445.30712890625,91.78305053710938,742.75,4156.60009765625
2025-01-23,223.41436767578125,199.35289001464844,445.8160705566406,91.44525146484375,752.5,4145.4501953125
2025-01-24,222.5353240966797,201.6702423095703,443.17138671875,90.72990417480469,734.0999755859375,4152.35009765625
2025-01-27,229.6075439453125,193.54949951171875,433.6903991699219,88.50437927246094,713.0499877929688,4065.14990234375
2025-01-28,237.99832153320312,196.8457489013672,446.30511474609375,86.44775390625,728.25,4040.300048828125
2025-01-29,239.0971221923828,196.9556121826172,441.44482421875,91.08757781982422,752.5,4099.7998046875
2025-01-30,237.3290557861328,202.3994140625,414.1595458984375,92.55801391601562,696.8499755859375,4100.0498046875
2025-01-31,235.74081420898438,205.3660430908203,414.22943115234375,99.1849136352539,716.0999755859375,4112.39990234375
2025-02-01,,,,94.7139892578125,706.5499877929688,4073.14990234375
2025-02-03,227.75958251953125,202.40939331054688,410.09771728515625,90.17352294921875,687.4500122070312,4068.64990234375
2025-02-04,232.54432678222656,207.4736328125,411.5447998046875,92.45865631103516,710.5499877929688,4107.0498046875
2025-02-05,232.21469116210938,193.0800323486328,412.4629821777344,94.4854736328125,717.0499877929688,4091.10009765625
2025-02-06,232.9638671875,193.0900115966797,414.9879150390625,93.77012634277344,709.6500244140625,4082.75
2025-02-07,227.3800048828125,186.92703247070312,408.9300537109375,91.88240814208984,706.75,4029.39990234375
2025-02-10,227.64999389648438,187.98582458496094,411.3951110839844,89.6270751953125,696.0,4036.949951171875
2025-02-11,232.6199951171875,186.8571319580078,410.6166687011719,84.80841827392578,677.75,3963.550048828125
2025-02-12,236.8699951171875,185.21897888183594,408.2214660644531,85.31512451171875,684.3499755859375,3950.14990234375
2025-02-13,241.52999877929688,187.66619873046875,409.7184753417969,85.19589233398438,683.8499755859375,3910.14990234375
2025-02-14,244.60000610351562,186.6573486328125,407.6126708984375,81.57941436767578,680.6500244140625,3934.85009765625
2025-02-17,,,,81.48999786376953,686.5999755859375,3904.5
2025-02-18,244.47000122070312,185.58856201171875,408.8202819824219,77.79000091552734,682.4000244140625,3873.199951171875
2025-02-19,244.8699951171875,186.91705322265625,413.94000244140625,80.70999908447266,681.0,3784.10009765625
2025-02-20,245.8300018310547,186.4276123046875,416.1300048828125,82.70999908447266,689.7999877929688,3779.39990234375
2025-02-21,245.5500030517578,181.3733673095703,408.2099914550781,81.08000183105469,673.2000122070312,3786.0
2025-02-24,247.10000610351562,180.9838104248047,404.0,79.94999694824219,668.25,3675.60009765625
2025-02-25,247.0399932861328,177.16815185546875,397.8999938964844,78.70999908447266,661.5999755859375,3629.550048828125
2025-02-26,240.36000061035156,174.50119018554688,399.7300109863281,,,
2025-02-27,237.3000030517578,170.0163116455078,392.5299987792969,75.75,648.5499877929688,3612.550048828125
2025-02-28,241.83999633789062,172.02401733398438,396.989990234375,72.86000061035156,620.6500244140625,3483.25
2025-03-03,238.02999877929688,168.46807861328125,388.489990234375,73.68000030517578,621.1500244140625,3493.050048828125
2025-03-04,235.92999267578125,172.41357421875,388.6099853515625,74.56999969482422,619.2000122070312,3532.050048828125
2025-03-05,235.74000549316406,174.79087829589844,401.0199890136719,78.98999786376953,640.7999877929688,3547.050048828125
2025-03-06,235.3300018310547,174.0117645263672,396.8900146484375,80.08000183105469,639.6500244140625,3601.60009765625
2025-03-07,239.07000732421875,175.5500030517578,393.30999755859375,80.76000213623047,648.2999877929688,3611.199951171875
2025-03-10,227.47999572753906,167.80999755859375,380.1600036621094,78.6500015258789,648.1500244140625,3589.64990234375
2025-03-11,220.83999633789062,165.97999572753906,380.45001220703125,78.87000274658203,648.0499877929688,3575.300048828125
2025-03-12,216.97999572753906,169.0,383.2699890136719,79.11000061035156,668.2999877929688,3506.199951171875
2025-03-13,209.67999267578125,164.72999572753906,378.7699890136719,77.88999938964844,655.5,3511.050048828125
2025-03-14,213.49000549316406,167.6199951171875,388.55999755859375,,,
2025-03-17,214.0,166.57000732421875,388.70001220703125,77.91999816894531,661.0499877929688,3497.699951171875
2025-03-18,212.69000244140625,162.6699981689453,383.5199890136719,77.91999816894531,661.0499877929688,3497.699951171875
2025-03-19,215.24000549316406,166.27999877929688,387.82000732421875,83.33000183105469,682.25,3497.10009765625
2025-03-20,214.10000610351562,165.0500030517578,386.8399963378906,82.9800033569336,690.0499877929688,3563.14990234375
2025-03-21,218.27000427246094,166.25,391.260009765625,83.7300033569336,702.9500122070312,3578.10009765625
2025-03-24,220.72999572753906,169.92999267578125,393.0799865722656,85.36000061035156,713.5,3628.949951171875
2025-03-25,223.75,172.7899932861328,395.1600036621094,83.16000366210938,710.2999877929688,3657.75
2025-03-26,221.52999877929688,167.13999938964844,389.9700012207031,81.06999969482422,708.25,3635.800048828125
2025-03-27,223.85000610351562,164.0800018310547,390.5799865722656,82.70999908447266,668.5499877929688,3651.199951171875
2025-03-28,217.89999389648438,156.05999755859375,378.79998779296875,81.88999938964844,674.4500122070312,3606.14990234375
2025-03-31,222.1300048828125,156.22999572753906,375.3900146484375,,,
2025-04-01,223.19000244140625,158.8800048828125,382.19000244140625,81.61000061035156,671.8499755859375,3550.800048828125
2025-04-02,223.88999938964844,158.86000061035156,382.1400146484375,82.88999938964844,671.9000244140625,3543.949951171875
2025-04-03,203.19000244140625,152.6300048828125,373.1099853515625,84.41000366210938,653.9500122070312,3403.14990234375
2025-04-04,188.3800048828125,147.74000549316406,359.8399963378906,82.7300033569336,613.8499755859375,3299.39990234375
2025-04-07,181.4600067138672,149.24000549316406,357.8599853515625,79.45999908447266,579.75,3274.050048828125
2025-04-08,172.4199981689453,146.5800018310547,354.55999755859375,83.06999969482422,588.8499755859375,3292.949951171875
2025-04-09,198.85000610351562,161.05999755859375,390.489990234375,87.01000213623047,582.9000244140625,3246.60009765625
2025-04-10,190.4199981689453,155.3699951171875,381.3500061035156,,,
2025-04-11,198.14999389648438,159.39999389648438,388.45001220703125,89.0999984741211,595.0499877929688,3231.5
2025-04-14,202.52000427246094,161.47000122070312,387.80999755859375,,,
2025-04-15,202.13999938964844,158.67999267578125,385.7300109863281,89.7699966430664,622.2000122070312,3248.199951171875
2025-04-16,194.27000427246094,155.5,371.6099853515625,95.80000305175781,616.0499877929688,3273.800048828125
2025-04-17,196.97999572753906,153.36000061035156,367.7799987792969,98.4000015258789,621.5499877929688,3298.89990234375
2025-04-21,193.16000366210938,149.86000061035156,359.1199951171875,99.9800033569336,630.0499877929688,3321.60009765625
2025-04-22,199.74000549316406,153.89999389648438,366.82000732421875,100.19999694824219,630.8499755859375,3314.39990234375
2025-04-23,204.60000610351562,157.72000122070312,374.3900146484375,100.80999755859375,659.9000244140625,3413.0
2025-04-24,208.3699951171875,161.47000122070312,387.29998779296875,99.87000274658203,668.3499755859375,3401.60009765625
2025-04-25,209.27999877929688,163.85000610351562,391.8500061035156,95.48999786376953,655.25,3448.0
2025-04-28,210.13999938964844,162.4199981689453,391.1600036621094,98.63999938964844,668.1500244140625,3443.5
2025-04-29,211.2100067138672,162.05999755859375,394.0400085449219,97.30999755859375,665.5999755859375,3472.5
2025-04-30,212.5,160.88999938964844,395.260009765625,95.19000244140625,644.25,3453.699951171875
2025-05-01,213.32000732421875,162.7899932861328,425.3999938964844,,,
2025-05-02,205.35000610351562,165.80999755859375,435.2799987792969,93.58999633789062,649.0999755859375,3431.0
2025-05-05,198.88999938964844,166.0500030517578,436.1700134277344,96.29000091552734,661.5499877929688,3454.300048828125
2025-05-06,,,,92.58000183105469,648.2000122070312,3460.0
